Workbook

Sheet 👋 Start Here
C3: Adaptive Revision Planner
C4: A complete study planner for any student. Open each tab and start filling in your details.
C7: Overview :
C8: Most students plan randomly. They underestimate hard subjects and overestimate easy ones. This planner distributes study time more realistically.
C9: This tracker centralizes academic planning and performance monitoring. It connects subjects, exam timelines, daily study logs, and grade outcomes into a single organized workflow.
C12: Core sections :
C14: 1. Subjects | D14: Track subject name, professor, target grade, status, and notes.
C15: 2. Exam dates | D15: Log upcoming exams, exam type, date, days remaining, and preparation status.
C16: 3. Study Log | D16: Record daily study sessions and monitor consistency.
C17: 4. Study plan | D17: Organize planned sessions aligned with upcoming assessments.
C18: 5. Grades | D18: Track GPA, highest and lowest scores, and academic standing.
C19: 6. Dashboard | D19: Provides a consolidated view of progress and performance metrics.

Sheet 📚 Subjects
D3: Subjects
C6: SUBJECT NAME | D6: PROFESSOR | E6: TARGET GRADE | F6: STATUS | G6: NOTES

Sheet 📅 Exam Dates
D3: Exam Dates
C6: SUBJECT | D6: TYPE | E6: DATE | F6: DAYS AWAY | G6: PREP STATUS | H6: NOTES
F7: =IFERROR(IF(E7="","",DATEVALUE(E7)-TODAY()),"")
F8: =IFERROR(IF(E8="","",DATEVALUE(E8)-TODAY()),"")
F9: =IFERROR(IF(E9="","",DATEVALUE(E9)-TODAY()),"")
F10: =IFERROR(IF(E10="","",DATEVALUE(E10)-TODAY()),"")
F11: =IFERROR(IF(E11="","",DATEVALUE(E11)-TODAY()),"")
F12: =IFERROR(IF(E12="","",DATEVALUE(E12)-TODAY()),"")
F13: =IFERROR(IF(E13="","",DATEVALUE(E13)-TODAY()),"")
F14: =IFERROR(IF(E14="","",DATEVALUE(E14)-TODAY()),"")
F15: =IFERROR(IF(E15="","",DATEVALUE(E15)-TODAY()),"")
F16: =IFERROR(IF(E16="","",DATEVALUE(E16)-TODAY()),"")
F17: =IFERROR(IF(E17="","",DATEVALUE(E17)-TODAY()),"")
F18: =IFERROR(IF(E18="","",DATEVALUE(E18)-TODAY()),"")

Sheet 📖 Study Log
F3: Study Log
E8: TOTAL HOURS LOGGED | F8: SESSIONS | G8: THIS WEEK | H8: BEST SESSION (HRS)
E9: =IFERROR(SUM(F12:F20),0) -> 0 | F9: =COUNTA(C12:C20) -> 1 | G9: =IFERROR(SUMIF(E12:E20,">="&(TODAY()-WEEKDAY(TODAY(),2)+1),F12:F20),0) -> 0 | H9: =IFERROR(MAX(F12:F20),0) -> 0
C12: SUBJECT | D12: SESSION TYPE | E12: DATE | F12: HOURS | G12: LOCATION | H12: ENERGY LEVEL | I12: NOTES

Sheet 🗓 Study Plan
F3: Study Plan
C8: WEEK STARTING | E8: TOTAL PLANNED HRS THIS WEEK
C9: 46075 | E9: =IFERROR(COUNTA(D13:J42)*1,"—") -> 21
C11: TIME | D11: MON | E11: TUE | F11: WED | G11: THU | H11: FRI | I11: SAT | J11: SUN
D12: =IFERROR(TEXT(C9+0,"DD MMM"),"") -> 22 Feb | E12: =IFERROR(TEXT(C9+1,"DD MMM"),"") -> 23 Feb | F12: =IFERROR(TEXT(C9+2,"DD MMM"),"") -> 24 Feb | G12: =IFERROR(TEXT(C9+3,"DD MMM"),"") -> 25 Feb | H12: =IFERROR(TEXT(C9+4,"DD MMM"),"") -> 26 Feb | I12: =IFERROR(TEXT(C9+5,"DD MMM"),"") -> 27 Feb | J12: =IFERROR(TEXT(C9+6,"DD MMM"),"") -> 28 Feb
C13: 06:00–07:00
C14: 07:00–08:00
C15: 08:00–09:00
C16: 09:00–10:00
C17: 10:00–11:00
C18: 11:00–12:00
C19: 12:00–13:00
C20: 13:00–14:00
C21: 14:00–15:00
C22: 15:00–16:00
C23: 16:00–17:00
C24: 17:00–18:00
... C32: WEEKLY SUBJECT GOALS
C33: SUBJECT | D33: GOAL (HRS/WEEK) | E33: LOGGED (HRS) | F33: GAP
E34: =IFERROR(SUMIF('📖 Study Log'!C13:C20,C34,'📖 Study Log'!F13:F20),0) -> 0 | F34: =IFERROR(IF(D34="","",D34-E34),"")
E35: =IFERROR(SUMIF('📖 Study Log'!C13:C20,C35,'📖 Study Log'!F13:F20),0) -> 0 | F35: =IFERROR(IF(D35="","",D35-E35),"")
E36: =IFERROR(SUMIF('📖 Study Log'!C13:C20,C36,'📖 Study Log'!F13:F20),0) -> 0 | F36: =IFERROR(IF(D36="","",D36-E36),"")
E37: =IFERROR(SUMIF('📖 Study Log'!C13:C20,C37,'📖 Study Log'!F13:F20),0) -> 0 | F37: =IFERROR(IF(D37="","",D37-E37),"")
E38: =IFERROR(SUMIF('📖 Study Log'!C13:C20,C38,'📖 Study Log'!F13:F20),0) -> 0 | F38: =IFERROR(IF(D38="","",D38-E38),"")
E39: =IFERROR(SUMIF('📖 Study Log'!C13:C20,C39,'📖 Study Log'!F13:F20),0) -> 0 | F39: =IFERROR(IF(D39="","",D39-E39),"")
E40: =IFERROR(SUMIF('📖 Study Log'!C13:C20,C40,'📖 Study Log'!F13:F20),0) -> 0 | F40: =IFERROR(IF(D40="","",D40-E40),"")
E41: =IFERROR(SUMIF('📖 Study Log'!C13:C20,C41,'📖 Study Log'!F13:F20),0) -> 0 | F41: =IFERROR(IF(D41="","",D41-E41),"")
E42: =IFERROR(SUMIF('📖 Study Log'!C13:C20,C42,'📖 Study Log'!F13:F20),0) -> 0 | F42: =IFERROR(IF(D42="","",D42-E42),"")
E43: =IFERROR(SUMIF('📖 Study Log'!C13:C20,C43,'📖 Study Log'!F13:F20),0) -> 0 | F43: =IFERROR(IF(D43="","",D43-E43),"")

Sheet 📊 Grades
D3: Grades
C5: SEMESTER GPA | D5: HIGHEST SCORE | E5: LOWEST SCORE | F5: STANDING
C6: =IFERROR(SUMPRODUCT(D10:D21,I13:I29)/SUMIF(I13:I29,"<>",D10:D21),0) -> 0 | D6: =IFERROR(MAX(H10:H21),0) -> 0 | E6: =IFERROR(MIN(IF(H10:H21>0,H10:H21)),0) -> 0 | F6: =IFERROR(IF(C6>=3.5,"Dean's List",IF(C6>=3,"Good Standing",IF(C6>=2,"Satisfactory","Review Required"))),"-") -> Review Required
I7: GRADE SCALE
I8: A 90–100
C9: SUBJECT | D9: ASSIGNMENT % | E9: QUIZ % | F9: MIDTERM % | G9: FINAL % | H9: LETTER GRADE | I9: B 80–89
H10: =IFERROR(IF(E10+F10+G10+#REF!=0,"",E10*0.2+F10*0.1+G10*0.3+#REF!*0.4),"") | I10: C 70–79
H11: =IFERROR(IF(E11+F11+G11+#REF!=0,"",E11*0.2+F11*0.1+G11*0.3+#REF!*0.4),"") | I11: D 60–69
H12: =IFERROR(IF(E12+F12+G12+#REF!=0,"",E12*0.2+F12*0.1+G12*0.3+#REF!*0.4),"") | I12: F 0–59
H13: =IFERROR(IF(E13+F13+G13+#REF!=0,"",E13*0.2+F13*0.1+G13*0.3+#REF!*0.4),"") | I13: =IFERROR(IF(H10="","",IF(H10>=90,4,IF(H10>=80,3,IF(H10>=70,2,IF(H10>=60,1,0))))),"")
H14: =IFERROR(IF(E14+F14+G14+#REF!=0,"",E14*0.2+F14*0.1+G14*0.3+#REF!*0.4),"")
H15: =IFERROR(IF(E15+F15+G15+#REF!=0,"",E15*0.2+F15*0.1+G15*0.3+#REF!*0.4),"")
H16: =IFERROR(IF(E16+F16+G16+#REF!=0,"",E16*0.2+F16*0.1+G16*0.3+#REF!*0.4),"")
H17: =IFERROR(IF(E17+F17+G17+#REF!=0,"",E17*0.2+F17*0.1+G17*0.3+#REF!*0.4),"")
H18: =IFERROR(IF(E18+F18+G18+#REF!=0,"",E18*0.2+F18*0.1+G18*0.3+#REF!*0.4),"")
H19: =IFERROR(IF(E19+F19+G19+#REF!=0,"",E19*0.2+F19*0.1+G19*0.3+#REF!*0.4),"")
H20: =IFERROR(IF(E20+F20+G20+#REF!=0,"",E20*0.2+F20*0.1+G20*0.3+#REF!*0.4),"")
H21: =IFERROR(IF(E21+F21+G21+#REF!=0,"",E21*0.2+F21*0.1+G21*0.3+#REF!*0.4),"")
I25: =IFERROR(IF(#REF!="","",IF(#REF!>=90,4,IF(#REF!>=80,3,IF(#REF!>=70,2,IF(#REF!>=60,1,0))))),"")
I26: =IFERROR(IF(#REF!="","",IF(#REF!>=90,4,IF(#REF!>=80,3,IF(#REF!>=70,2,IF(#REF!>=60,1,0))))),"")
I27: =IFERROR(IF(#REF!="","",IF(#REF!>=90,4,IF(#REF!>=80,3,IF(#REF!>=70,2,IF(#REF!>=60,1,0))))),"")
I28: =IFERROR(IF(#REF!="","",IF(#REF!>=90,4,IF(#REF!>=80,3,IF(#REF!>=70,2,IF(#REF!>=60,1,0))))),"")
I29: =IFERROR(IF(#REF!="","",IF(#REF!>=90,4,IF(#REF!>=80,3,IF(#REF!>=70,2,IF(#REF!>=60,1,0))))),"")

Sheet 📈 Dashboard
C3: Dashboard
C8: SUBJECTS | D8: HOURS LOGGED | E8: EXAMS UPCOMING | F8: SESSIONS | G8: GPA | H8: THIS WEEK (HRS)
C9: =COUNTA('📚 Subjects'!C7:C18) -> 0 | D9: =IFERROR(SUM('📖 Study Log'!F13:F20),0) -> 0 | E9: =COUNTIF('📅 Exam Dates'!F7:F18,">0") -> 0 | F9: =COUNTA('📖 Study Log'!C13:C20) -> 0 | G9: =IFERROR('📊 Grades'!C6,"-") -> 0 | H9: =IFERROR(SUMIF('📖 Study Log'!E13:E20,">="&(TODAY()-WEEKDAY(TODAY(),2)+1),'📖 Study Log'!F13:F20),0) -> 0
C12: NEXT EXAMS
C13: SUBJECT | D13: TYPE | E13: DATE | F13: DAYS AWAY | G13: PREP STATUS
C14: ='📅 Exam Dates'!C7 | D14: ='📅 Exam Dates'!D7 | E14: ='📅 Exam Dates'!E7 | F14: ='📅 Exam Dates'!F7 | G14: ='📅 Exam Dates'!G7
C15: ='📅 Exam Dates'!C8 | D15: ='📅 Exam Dates'!D8 | E15: ='📅 Exam Dates'!E8 | F15: ='📅 Exam Dates'!F8 | G15: ='📅 Exam Dates'!G8
C16: ='📅 Exam Dates'!C9 | D16: ='📅 Exam Dates'!D9 | E16: ='📅 Exam Dates'!E9 | F16: ='📅 Exam Dates'!F9 | G16: ='📅 Exam Dates'!G9
C17: ='📅 Exam Dates'!C10 | D17: ='📅 Exam Dates'!D10 | E17: ='📅 Exam Dates'!E10 | F17: ='📅 Exam Dates'!F10 | G17: ='📅 Exam Dates'!G10
C18: ='📅 Exam Dates'!C11 | D18: ='📅 Exam Dates'!D11 | E18: ='📅 Exam Dates'!E11 | F18: ='📅 Exam Dates'!F11 | G18: ='📅 Exam Dates'!G11
C19: ='📅 Exam Dates'!C12 | D19: ='📅 Exam Dates'!D12 | E19: ='📅 Exam Dates'!E12 | F19: ='📅 Exam Dates'!F12 | G19: ='📅 Exam Dates'!G12
C20: ='📅 Exam Dates'!C13 | D20: ='📅 Exam Dates'!D13 | E20: ='📅 Exam Dates'!E13 | F20: ='📅 Exam Dates'!F13 | G20: ='📅 Exam Dates'!G13
C21: ='📅 Exam Dates'!C14 | D21: ='📅 Exam Dates'!D14 | E21: ='📅 Exam Dates'!E14 | F21: ='📅 Exam Dates'!F14 | G21: ='📅 Exam Dates'!G14
C24: STUDY PROGRESS BY SUBJECT
C25: SUBJECT | D25: HOURS LOGGED | E25: TARGET (HRS) | F25: PROGRESS %
C26: ='🗓 Study Plan'!C34 | D26: =IFERROR(SUMIF('📖 Study Log'!C13:C20,C26,'📖 Study Log'!F13:F20),0) -> 0 | E26: ='🗓 Study Plan'!D34 | F26: =IFERROR(IF(E26=0,0,D26/E26*100),0) -> 0
C27: ='🗓 Study Plan'!C35 | D27: =IFERROR(SUMIF('📖 Study Log'!C13:C20,C27,'📖 Study Log'!F13:F20),0) -> 0 | E27: ='🗓 Study Plan'!D35 | F27: =IFERROR(IF(E27=0,0,D27/E27*100),0) -> 0
C28: ='🗓 Study Plan'!C36 | D28: =IFERROR(SUMIF('📖 Study Log'!C13:C20,C28,'📖 Study Log'!F13:F20),0) -> 0 | E28: ='🗓 Study Plan'!D36 | F28: =IFERROR(IF(E28=0,0,D28/E28*100),0) -> 0
C29: ='🗓 Study Plan'!C37 | D29: =IFERROR(SUMIF('📖 Study Log'!C13:C20,C29,'📖 Study Log'!F13:F20),0) -> 0 | E29: ='🗓 Study Plan'!D37 | F29: =IFERROR(IF(E29=0,0,D29/E29*100),0) -> 0
C30: ='🗓 Study Plan'!C38 | D30: =IFERROR(SUMIF('📖 Study Log'!C13:C20,C30,'📖 Study Log'!F13:F20),0) -> 0 | E30: ='🗓 Study Plan'!D38 | F30: =IFERROR(IF(E30=0,0,D30/E30*100),0) -> 0
C31: ='🗓 Study Plan'!C39 | D31: =IFERROR(SUMIF('📖 Study Log'!C13:C20,C31,'📖 Study Log'!F13:F20),0) -> 0 | E31: ='🗓 Study Plan'!D39 | F31: =IFERROR(IF(E31=0,0,D31/E31*100),0) -> 0
C32: ='🗓 Study Plan'!C40 | D32: =IFERROR(SUMIF('📖 Study Log'!C13:C20,C32,'📖 Study Log'!F13:F20),0) -> 0 | E32: ='🗓 Study Plan'!D40 | F32: =IFERROR(IF(E32=0,0,D32/E32*100),0) -> 0
C33: ='🗓 Study Plan'!C41 | D33: =IFERROR(SUMIF('📖 Study Log'!C13:C20,C33,'📖 Study Log'!F13:F20),0) -> 0 | E33: ='🗓 Study Plan'!D41 | F33: =IFERROR(IF(E33=0,0,D33/E33*100),0) -> 0
C34: ='🗓 Study Plan'!C42 | D34: =IFERROR(SUMIF('📖 Study Log'!C13:C20,C34,'📖 Study Log'!F13:F20),0) -> 0 | E34: ='🗓 Study Plan'!D42 | F34: =IFERROR(IF(E34=0,0,D34/E34*100),0) -> 0
C35: ='🗓 Study Plan'!C43 | D35: =IFERROR(SUMIF('📖 Study Log'!C13:C20,C35,'📖 Study Log'!F13:F20),0) -> 0 | E35: ='🗓 Study Plan'!D43 | F35: =IFERROR(IF(E35=0,0,D35/E35*100),0) -> 0
